pos,name,x,y
DL,Cliff Matthews,-3.5050634526,9.68254387422
DL,Bennie Logan,7.29468753767,-2.36043031986
DL,Fletcher Cox,7.84116859458,-2.41601896228
DL,Ryan Winterswyk,-1.79124582797,8.90655307769
DL,Dontari Poe,5.61308874959,-16.7451087488
DL,Jamie Blatnick,-3.00225421318,-1.30975546107
DL,Olivier Vernon,-12.8245256829,-4.79389512427
DL,Patrick Kerrigan,-12.470708318,-4.69803189683
DL,Markus White,-8.51544396317,12.465415874
DL,Chandler Jones,-11.7183784903,4.18185621998
DL,Billy Winn,3.39582546337,3.33422667741
DL,Christian Tupou,18.8313743334,-1.90286957442
DL,Pernell McPhee,2.59968829005,7.17769217273
DL,Drake Nevis,-2.06550717251,-4.11679423967
DL,Devin Taylor,-19.6585894255,11.8971534158
DL,Martin Parker,5.34302986132,5.22883760495
DL,Montori Hughes,6.2639821505,5.45694403511
DL,Scott Solomon,-14.683877088,-7.88445485213
DL,Chas Alecxih,11.0827243607,8.69173157212
DL,Bjoern Werner,-1.71108305348,1.84438419484
DL,Brandon Williams,8.04630053768,-10.685280411
DL,Olufemi Ajiboye,19.3106582578,5.09871417631
DL,Colby Whitlock,4.07104812795,2.0701662092
DL,Kheeston Randall,-2.59557341424,-1.42352428678
DL,Sylvester Williams,8.43429600101,0.542350390114
DL,T.J. Barnes,14.6026741626,3.10100684367
DL,Margus Hunt,-11.4690210394,-11.7246987939
DL,Brandon Thompson,9.16454560471,-7.77508087813
DL,Jordan Hill,9.00424374207,-0.1060858968
DL,Terrell McClain,6.14039052192,-1.64304975232
DL,Robert Quinn,-7.64004889917,4.3981885023
DL,Akeem Spence,3.14205443722,-9.88759667569
DL,Jared Smith,-5.78235619036,-1.40339657875
DL,Josh Boyd,6.86683283349,-4.48552928764
DL,Cameron Jordan,-7.29495184222,1.66130740457
DL,Muhammad Wilkerson,4.87724484766,0.472996965637
DL,Andre Branch,-11.0005645056,7.39854264502
DL,Sione Fua,10.4468548,-2.17442751819
DL,D'Aundre Reed,-10.4661575845,-3.79644421884
DL,David Bass,-1.84895070226,6.86938942945
DL,Brett Roy,1.70158878531,-4.98286890022
DL,Ezekial Ansah,-9.74463049693,5.28547101878
DL,Jaye Howard,4.14151229468,3.31937519913
DL,Akiem Hicks,0.984472798372,0.888598014543
DL,Everett Dawkins,5.98068006351,4.17015916169
DL,Datone Jones,-2.57320224195,-2.21350268243
DL,Quinton Coples,-0.0232898135762,1.85568003467
DL,Jacquies Smith,-1.21685316766,5.81033683232
DL,Ugo Chinasa,-6.39703993431,4.92547268976
DL,Malik Jackson,4.95402714113,2.30818724471
DL,Joe Kruger,-8.43844346046,2.37606769597
DL,Vaughn Meatoga,1.55739566145,0.0429966333473
DL,Markus Kuhn,-3.7168136383,-1.49884213777
DL,Allen Bailey,-9.15083347632,-0.84489896987
DL,Kendall Reyes,-4.14599460712,-9.49104631349
DL,Tyrone Crawford,-4.11218769471,-1.38637889728
DL,Mike Martin,-3.79486086736,-9.39435394961
DL,Trent Murphy,-8.3785217564,7.24871887276
DL,Derrick Shelby,-7.92859405661,0.278274166864
DL,John Graves,-3.33198963916,-1.99962687718
DL,Tydreke Powell,10.6077027107,-1.53291025013
DL,Whitney Mercilus,-8.45770831744,-0.454474334926
DL,Brandon Bair,-3.35440279768,1.03780152555
DL,Derek Wolfe,0.671569317457,-6.25553379045
DL,Aldon Smith,-9.61786001178,6.3252389599
DL,Chris Neild,3.98409701638,-2.79385892601
DL,Marcus Forston,5.5947309084,-7.64742850458
DL,William Gholston,0.00195255952148,4.09843059412
DL,Jurrell Casey,8.92751385103,1.48068585082
DL,Jerrell Powe,17.3557551679,0.956890624847
DL,Hebron Fangupo,9.97128711723,-8.78492719652
DL,Ricky Elmore,2.81480648737,0.958644870318
DL,Phil Taylor,9.45135521545,-3.65264379186
DL,Justin Watt,-11.701197765,-7.94255965393
DL,Justin Francis,-0.345776294548,3.80680416724
DL,Marvin Austin,-1.64704754741,-11.0769834701
DL,Jarvis Jenkins,11.514201806,10.6235895934
DL,Cheta Ozougwu,-10.3583982005,0.279137118641
DL,Nicholas Williams,-2.23579573758,-1.33069454775
DL,Corey Lemonier,-9.75364528966,-0.57756890611
DL,Corey Liuget,8.05693901996,0.455303890375
DL,Nick Perry,-15.8873875673,-9.20664318762
DL,Cory Grissom,12.408111509,5.58139160149
DL,J.R. Sweezy,-5.62515881974,5.29679825134
DL,Cedric Thornton,8.92952141864,4.51016286755
OL,Greg Robinson,-11.6434641559,3.67468357556
OL,Joe Madsen,3.98691191884,0.105466898907
OL,David DeCastro,0.778076143414,8.53885649274
OL,Garth Gerhart,4.43644834756,0.132632545564
OL,David Yankey,0.0102550847038,-3.92557659847
OL,Lane Johnson,-17.815280565,-1.91323402128
OL,Mike Adams,2.56500419662,-6.41681328061
OL,Brandon Mosley,-2.35924259826,3.75728311448
OL,Ryan Bartholomew,7.18795500679,10.0469586491
OL,Adam Grant,2.67769916884,-0.209826227533
OL,Kelvin Beachum,1.6237833055,-6.63376421826
OL,Marcus Cannon,-5.80789604937,6.00495964086
OL,Jack Mewhort,1.17613691422,2.5274625103
OL,Cyrus Kouandjio,6.12673187209,-3.54378618968
OL,Julian Vandervelde,-2.75742318247,-3.56633891003
OL,Chris Hairston,3.02386325228,8.03732953908
OL,Riley Reiff,4.05209332663,-1.94863909847
OL,Tony Bergstrom,-1.57309613748,5.95820148202
OL,Stefen Wisniewski,0.0685807755445,4.2903531244
OL,Andrew Tiller,18.7492549068,-5.72850792815
OL,Nick Becton,-6.15002820776,-8.42031184106
OL,Michael Person,-5.2824537213,-6.1531370593
OL,Stephen Schilling,2.72665508819,4.93971804454
OL,Zack Martin,-3.32879136448,2.49797145385
OL,Billy Turner,-6.17387897133,-2.25043125233
OL,Larry Warford,5.84827406868,3.64011376755
OL,Jake Matthews,-2.85784413299,-2.55790200256
OL,Jonathan Cooper,-8.1757637141,7.56151573586
OL,Kadeem Edwards,2.30966268837,0.723989218515
OL,Daniel Kilgore,-4.07954333302,-3.88793144103
OL,Brandon Fusco,-6.54360137469,-1.32195303821
OL,Eric Herman,3.54847574158,11.2495686444
OL,Charles Leno,-5.53888329779,-6.22514286662
OL,Danny Watkins,8.45455304519,5.21207428732
OL,David Arkin,-1.74519560064,-1.25731953968
OL,Quentin Saulsberry,12.0615518951,3.01838450596
OL,Garrett Gilkey,-7.37250666918,0.52255904219
OL,Joel Bitonio,-11.2434908435,-6.541538015
OL,Jeff Allen,-0.634993737796,0.0466268829976
OL,Jarriel King,-11.8793558922,-5.63186474162
OL,Gabe Ikard,0.639045526454,-3.75150689554
OL,Kevin Hughes,6.32657551032,-2.49267917242
OL,Chris Barker,1.50375347462,3.61109816004
OL,Philip Blake,-3.07188599005,-4.64027938325
OL,Marcel Jones,8.88128698325,-11.1163487503
OL,Manase Foketi,0.635887150645,-0.634737960233
OL,Ray Dominguez,11.7565233895,-2.25809573607
OL,Xavier Su'a-Filo,1.16398272204,-0.538391440778
OL,Tom Compton,-5.57326563776,-7.27013044628
OL,Justin Anderson,-0.919442055115,6.14176712233
OL,Kyle Hix,-3.23011571856,-2.66115907257
OL,Ryan Miller,-0.250139523417,6.27838349982
OL,Kevin Zeitler,-1.44694695991,5.9908879951
OL,Travis Frederick,4.92903942272,-3.82978333139
OL,Bobby Massie,-0.674259205238,-4.06707338836
OL,Nate Potter,1.8757087743,-3.50165014477
OL,Michael Brewster,4.95986163666,4.43010158495
OL,John Moffitt,-0.73912620113,-3.09901310942
OL,Lee Ziemba,6.89815618685,-4.41313343074
OL,Oday Aboushi,4.3168806937,-8.00235870444
OL,John Wetzel,-1.89540000113,-4.31241791974
OL,Weston Richburg,-1.77234828654,-1.21226256782
OL,Zach Fulton,4.12481527091,0.146886016982
OL,Matt Feiler,-2.62965885683,9.86016316529
OL,Jason Weaver,9.2495568195,-0.68685746687
OL,Jordan Mills,1.40397446477,-5.65554108793
OL,Ricky Wagner,0.618939031829,-5.87505088121
OL,Andrew Jackson,3.20569951133,-0.114437269813
OL,Terron Armstead,-12.9844811235,2.26188870817
OL,John Urschel,-1.00073626293,4.03951557102
OL,Travis Bond,5.32119998524,-2.63117277509
OL,Brian Schwenke,-7.15275917126,3.69582295221
OL,James Stone,-1.60897265524,-4.27711800332
OL,Jamaal Johnson-Webb,11.9554654515,-6.25094697637
OL,Taylor Dever,2.91451466363,-7.36051562994
OL,Antoine McClain,11.4059937855,-4.3795463413
OL,J.C. Tretter,-8.41471079223,1.31706190284
OL,Senio Kelemete,2.07822604333,-4.43253455857
OL,Mitchell Schwartz,12.5034168064,-0.0217371615759
OL,Eric Fisher,-14.2743029277,-2.05677550254
OL,Clint Boling,-2.00341379328,1.73418824486
OL,David Bakhtiari,0.364046915902,2.34960706569
OL,Brandon Washington,0.503767577015,2.39309219996
OL,JaWuan James,-0.132351084906,-3.96785113455
OL,John Cullen,0.163358963749,-2.84610646379
OL,Jordan Devey,5.15583054856,-3.71444396633
OL,Earl Watford,-5.52967719069,-3.15593869671
OL,Anthony Castonzo,-4.44035110255,1.1949323592
OL,Taylor Lewan,-15.2515410438,-0.255979692108
OL,Zane Taylor,-3.56729628741,6.5820779307
OL,Braden Brown,1.1001901242,0.430306083737
OL,Matt Stankiewitch,9.43629244131,3.41460358806
OL,Cordy Glenn,7.72252044368,7.13679758888
OL,Zach Williams,-2.68610156435,1.59150591587
OL,Matt Paradis,0.422876683656,-2.77392416176
OL,Rodney Hudson,6.23073731723,2.66516806102
OL,Josh LeRibeus,4.70067435724,4.35627741028
OL,Russell Bodine,-11.2074856166,14.0246554067
OL,Travis Swanson,9.55057115628,-3.76625068474
OL,Joseph Barksdale,-2.63598470757,2.647497003
OL,Zebrie Sanders,0.926171594681,2.46097475986
OL,Jonotthan Harrison,-10.1173657955,-1.08474229712
OL,Dakota Dozier,2.83526506375,-2.191682631
OL,DeMarcus Love,4.08776414858,2.16151754999
OL,Amini Silatolu,-6.81706654419,0.631830963096
OL,Ryan Groy,-6.01997463203,-1.17385391812
OL,Vinston Painter,1.90947462351,6.73819379143
OL,Kris O'Dowd,-5.8894449515,3.90504801406
OL,Mark Jackson,12.87297814,-2.93286894728
OL,David Quessenberry,-10.3293660863,-3.22233251843
OL,James Brewer,1.85421025513,-0.392680128833
OL,Brandon Thomas,0.69570956613,9.5613276165
OL,Conor Boffeli,2.07143595336,-4.43619312434
OL,Gabe Jackson,-7.55379450362,2.55077532235
OL,Keith Williams,9.2789185705,-0.724792531561
OL,Ronald Leary,-3.80662047059,3.40349589893
OL,Derek Newton,2.20748089229,-1.32980773014
OL,Edmond Kugbila,-1.40154468256,-3.13735727367
OL,Tyler Larsen,-0.915648094252,10.2933122839
OL,Isaiah Thompson,19.5015390607,1.60242259332
OL,Lamar Holmes,-1.4821735173,-4.24535469135
OL,Emmett Cleary,-6.0789979056,-3.26233039526
OL,Ben Jones,-4.90753505934,2.10609715965
OL,Ricky Henry,12.8969116456,-2.97626378355
OL,Cyril Richardson,11.3692686574,1.78279360541
OL,Nate Solder,-8.20231373929,-6.87282510853
OL,Justin Britt,4.02719743645,-1.90523435815
OL,Rishaw Johnson,-6.40901555518,-5.42843398356
OL,Kelechi Osemele,-3.60903906719,5.53366807748
OL,Donald Stephenson,-12.4071104069,-9.92864273443
OL,T.J. Johnson,4.15745197885,7.31738183622
OL,Dustin Waldron,-1.86383556694,2.86175730867
OL,James Brown,0.329966677892,-1.76034778783
OL,Alex Linnenkohl,12.2708133166,0.948749500825
OL,Derek Sherrod,4.59224063103,-1.84967167396
OL,Reid Fragel,-13.1991479223,4.3218027221
OL,Lamar Mady,5.07516444499,10.6383013087
OL,Wesley Johnson,-9.48563258152,-1.99808257672
OL,Cameron Fleming,5.10350850061,1.41116408098
OL,Luke Joeckel,-4.88559969395,0.0825527285622
OL,Jah Reid,-10.0580936539,-0.0828954425109
LB,Luke Kuechly,-7.11375726967,4.19137830734
LB,Jonathan Brown,9.43419540968,-6.83911840072
LB,Jamie Collins,-23.2575381757,-4.00596577852
LB,Khaseem Greene,2.37106654256,-6.13558261546
LB,Khalil Mack,-11.5640510058,0.223538656263
LB,Jordan Tripp,-4.13751939321,-0.742763531842
LB,Von Miller,-9.52523403043,-1.94335206705
LB,Tyler Starr,2.54722258303,1.01825109401
LB,Zaviar Gooden,-13.0582642887,3.69049474712
LB,Doug Hogue,-4.50260412339,-4.86589657031
LB,Kevin Pierre-Louis,-11.2008415068,5.14322085985
LB,Bruce Taylor,3.11393930241,-4.07648693357
LB,Brian Rolle,2.16864206601,5.07464378424
LB,Nathan Williams,3.29225936723,1.27762690038
LB,Darius Fleming,2.915492415,4.13833771315
LB,Jeremy Beal,12.2110104566,-0.965245794591
LB,Anthony Barr,-0.231343760293,-7.84279398042
LB,Sean Spence,-1.70984665802,-10.9661673619
LB,Greg Lloyd,8.12189385565,-0.809457920307
LB,Prince Shembo,-6.36563784869,3.25279806095
LB,Ryan Baker,3.65768641198,7.1906400616
LB,Kyle Van Noy,6.0788043967,-1.82911607947
LB,Steve Beauharnais,-0.603500981494,-3.98778140014
LB,Bruce Irvin,-5.44266036044,-0.103100153047
LB,Mason Foster,7.56395617099,-0.906146885657
LB,Max Bullough,6.62804850551,7.04220104739
LB,Jonathan Stewart,0.140798794227,-4.12914047253
LB,Brandon Hepburn,-5.80309674188,-2.23746670377
LB,Demario Davis,-8.23175562944,9.18052260757
LB,Sam Acho,4.77386895379,0.209976436889
LB,James Thomas,4.03376298291,-0.0577290266901
LB,Brandon Lindsey,0.323527410113,0.0259625644775
LB,Chris Galippo,10.9063393717,-3.91175294384
LB,Melvin Ingram,7.18352177931,5.34921143922
LB,Ryan Shazier,-13.2387946437,2.32821857394
LB,Anthony Hitchens,2.73521392244,-0.0177233682362
LB,Devon Kennard,6.07708471206,-0.0352770063941
LB,Nick Bellore,7.93321592955,0.224575495894
LB,Carl Bradford,-5.99104090661,0.192865632807
LB,Nigel Bradham,-4.88062787928,1.18561485644
LB,Brandon Marshall,9.59850458528,5.10157049478
LB,Keith Pough,-0.598247112796,-5.98560420624
LB,Akeem Ayers,1.99972906831,-5.06954927975
LB,Brooks Reed,4.95456633391,6.95225874156
LB,Adrian Moten,3.85028487378,-5.00711088273
LB,Chris Borland,4.77447096857,3.99368878626
LB,Kenneth Wright,-2.08871942418,-3.1190497088
LB,Nathan Stupar,1.99095810465,-2.07143998873
LB,Ross Homan,4.95384092227,9.34562534899
LB,Jon Bostic,-0.423513759269,-1.02972503867
LB,Jonathan Massaquoi,-2.64399821555,-3.01766052267
LB,Caleb McSurdy,7.93235976563,3.01301068239
LB,Chase Thomas,4.41308898064,-4.91269285024
LB,Sio Moore,-10.8245453159,6.06546656632
LB,Ronnell Lewis,5.69166797622,12.9981808292
LB,Preston Brown,2.1781574114,0.0866416187665
LB,Steven Johnson,2.92852481993,-6.63351687381
LB,Tahir Whitehead,-7.66239959265,-1.89159817265
LB,Orie Lemon,5.14825518688,3.92221474085
LB,Lawrence Wilson,4.22001109119,1.10451152697
LB,Audie Cole,2.370602065,-7.72458237865
LB,Alec Ogletree,-4.50390155659,-3.0721302742
LB,Lamin Barrow,-5.99160960399,-1.00391524434
LB,Colin McCarthy,-2.83881044461,0.213873979074
LB,DeVonte Holloman,4.04352156343,-7.83618220968
LB,Chris Carter,1.98495366432,4.31151782693
LB,Dontay Moch,-13.235479712,-1.66184068168
LB,Lavonte David,-2.8329823571,-3.77803195249
LB,Sandon Herzlich,5.14636405929,6.11753235279
LB,Michael Mohamed,2.54638408717,-1.97239057107
LB,Justin Houston,-8.41515197569,7.02191265872
LB,Bruce Miller,4.76578985908,11.9722811375
LB,Martez Wilson,-7.29640242773,0.0360620117828
LB,James Morris,0.69706403779,-4.82463307312
LB,Terrell Manning,3.29306098474,-0.917850543535
LB,Greg Jones,0.880291109329,-2.06949581238
LB,Ty Powell,-5.81308585145,5.14721488064
LB,Tank Carder,-3.94952068205,-3.9687672898
LB,James-Michael Johnson,-7.66343137356,0.101017030803
LB,Darryl Smith,13.1376250842,-2.730842398
LB,Tom Wort,6.45303642624,-1.90035402574
LB,John Lotulelei,-0.609405226972,2.19588392261
LB,Shea McClellin,-0.0483910390287,-4.09081496974
LB,Kyle Wilber,0.133046506065,2.05729996683
CB,Tyrann Mathieu,-3.15465921447,11.1980673749
CB,Jeremy Jones,-6.48948072097,-4.49672209973
CB,Nickell Robey,6.76534611768,4.14057761665
CB,Curtis Brown,8.31237178172,3.94864440673
CB,Jalil Brown,-5.70370774565,-8.67266197717
CB,B.W. Webb,11.9962987408,-0.445435117091
CB,Nevin Lawson,-1.83720461362,-0.957981024431
CB,Will Davis,5.55564273639,-1.73026766722
CB,Chaz Powell,-0.988101947779,-2.04859306998
CB,Antone Exum,-5.13714995556,-1.68610473382
CB,Bennett Jackson,6.607824337,1.13165597253
CB,Phillip Gaines,1.62142724912,3.65186114621
CB,Lavelle Westbrooks,0.110172399573,-0.203907113755
CB,Victor Hampton,-5.89239286545,-4.59490860203
CB,Rashad Carmichael,-5.91918595467,2.48508272423
CB,Ryan Steed,-0.179283356374,2.87716393887
CB,Dwayne Gratz,3.78851318354,-7.63440656573
CB,Coty Sensabaugh,1.36136926,-0.350887934623
CB,Kyle Fuller,6.85799167846,2.10419988072
CB,Asa Jackson,-3.59217954784,-3.83607363305
CB,Trumaine Johnson,0.50009558731,-4.24947622396
CB,Logan Ryan,-5.57395737961,1.41706031736
CB,Josh Thomas,5.80652467271,1.20149318744
CB,Richard Sherman,4.40119420255,-1.6646272259
CB,Curtis Marsh,2.76485026907,2.51860785163
CB,Cortez Allen,7.2474845839,-3.90133919767
CB,Brandyn Thompson,-7.07074206019,2.54592977501
CB,Johnthan Banks,3.8207550184,4.49965172734
CB,Micah Hyde,-0.476564069658,2.92462994765
CB,Justin Rogers,-7.32534980526,1.58001334937
CB,Leon McFadden,-1.72223003383,5.02412657344
CB,Brandon Burton,-4.23600139754,-2.71851806902
CB,Robert Blanton,-4.92160960365,3.3321914742
CB,Steve Williams,8.40446361253,1.91288558342
CB,Adrian Bushell,-5.73384390921,-1.58761018887
CB,Robert Alford,11.5384948934,-3.40093003057
CB,Bene Benwikere,2.91383564102,4.45645050669
CB,Casey Hayward,-2.79090253064,-3.90587075534
CB,Kevin Rutland,-5.42429115465,3.35280974494
CB,Charles Brown,-6.98700164378,-2.52337162109
CB,Jordan Poyer,-3.66021920544,7.30093930674
CB,Jimmy Smith,1.08837801875,-9.34126363858
CB,Buster Skrine,0.850807571259,-5.32562739366
CB,Cliff Harris,-2.63273553348,1.06373439723
CB,Brandon McGee,-2.42883977645,1.09303170227
CB,Aaron Williams,5.9464636793,-3.81553630047
CB,Bashaud Breeland,1.96921929224,3.66515099604
CB,Josh Norman,2.16343182989,0.662976401982
CB,Rashaad Reynolds,1.94659181133,-5.43841311026
CB,Brandon Dixon,-5.88375820835,-1.56233642361
CB,Jamar Taylor,4.79086616926,-7.67100787618
CB,Demetrius McCray,5.97983895696,10.2779279434
CB,Lamarcus Joyner,2.55634309202,0.535950792085
CB,Blidi Wreh-Wilson,6.85571108702,0.146340769976
CB,Andre Hal,-3.83497419724,0.18793518579
CB,Mike Edwards,3.05999744272,0.513855470273
CB,Pierre Desir,11.6084476183,2.72152624786
CB,Josh Johnson,-6.93290278043,-0.507055452767
CB,Marcus Gilchrist,-2.16543503685,-11.0861451605
CB,Marc Anthony,-2.72580685314,3.10052124634
CB,Brandon Harris,-7.42311390372,2.53988605039
CB,Davon House,-11.9172704043,2.00976121731
CB,Trevin Wade,-5.38707612175,-2.65879217857
CB,Terrence Frederick,-0.287050965283,-1.15508281409
CB,Jamell Fleming,2.49303234661,-8.434192228
CB,Prince Amukamara,7.35096167775,-0.947640128853
CB,Dwight Bentley,-7.6705877289,2.64941279669
CB,Josh Robinson,12.0427936594,-3.42414897808
CB,Khalid Wooten,-4.63543565433,-1.70466431223
CB,Antonio Fenelus,-12.9807694082,-3.88102297945
CB,Leonard Johnson,-2.03199776061,0.0830763620062
CB,Darius Slay,2.9115564053,0.537313561728
CB,Ross Cockrell,1.71865317527,4.65422733833
CB,Demetri Goodson,2.71696216681,3.54029404232
CB,DeAndre Presley,-7.01006156115,7.5971515508
CB,Stephon Gilmore,2.01201509629,-0.394267753751
CB,Marcus Roberson,0.327147548448,6.77277310112
FB,Anthony Sherman,11.1396644137,0.260869382121
FB,Tommy Bohanon,11.9302198766,9.44666438264
FB,J.C. Copeland,3.25342106385,-4.4905465787
FB,Owen Marecic,5.26496967738,-12.4848000324
FB,Emil Igwenagu,-4.56276311357,4.94790537976
FB,Charles Clay,-4.38781985858,1.66059171528
FB,Lonnie Pryor,-3.54546122945,-3.46782311988
FB,Drake Dunsmore,-1.52067331256,2.65785623837
FB,Shaun Chapas,0.687714317297,2.50324840546
FB,Zach Boren,-4.03685419084,-7.64181931421
FB,Bradie Ewing,-9.17777342835,3.11918919663
FB,Evan Rodriguez,-5.04464421541,3.48866434496
S,Kenny Vaccaro,1.18895710013,2.24842516836
S,Ahmad Dixon,-10.258152568,1.29398346836
S,Harrison Smith,1.44888574226,-1.8842495686
S,Jonathan Dowling,-6.09681224592,8.05498059587
S,Charles Mitchell,7.08732555063,-0.912197583369
S,Chris Conte,6.42558400768,-0.0510318443223
S,Jawanza Starling,1.78395278296,0.255002514802
S,Isaiah Lewis,1.62025248996,2.26941605546
S,Bradley McDougald,1.61224658433,-1.84072565693
S,Janzen Jackson,3.42348723524,8.61751077482
S,Brock Vereen,-3.14279659204,-8.66645729553
S,Tre Boston,-4.88874175882,-1.82439565124
S,George Iloka,3.63401483985,-2.53954310995
S,Nat Berhe,-4.28678166768,1.31969492404
S,Dontae Johnson,2.72182310166,5.53689107182
S,Shiloh Keo,-9.37789744153,-8.6716342017
S,Deone Bucannon,4.13463954017,-1.38688753123
S,Delano Howell,-0.414921073081,-4.22749061746
S,Tyler Sash,-13.2024589664,3.90061456633
S,Eric Reid,14.422954717,2.36148884299
S,Kelcie McCray,-0.860965707609,4.72751958168
S,Cyhl Quarles,-1.83834884925,-2.44080310263
S,HaSean Clinton-Dix,-4.8427501635,5.1997828598
S,T.J. McDonald,11.7982951751,-0.0852486622961
S,Robert Sands,2.48831870255,5.39008244383
S,Sean Richardson,9.00631886986,-3.60071762963
S,J.J. Wilcox,3.30819819059,0.460173143337
S,Quinton Carter,1.33894136372,-5.93063121876
S,Christian Thompson,0.452483920669,-1.10555200714
S,Craig Loston,-4.84429767563,4.17285726045
S,Marqueston Huff,-4.28700492378,1.31930995486
S,Rahim Moore,-6.03712933706,5.07664513721
S,D.J. Swearinger,3.97284295086,0.626422852576
S,Jaiquawn Jarrett,-9.06075115352,1.41452630627
S,Corey White,5.66946492898,2.9287519809
S,Daniel Sorensen,-8.55953103583,2.56588547369
S,Ahmad Black,-1.00646120163,-1.20564799522
S,Nate Williams,-7.47435785601,-1.35735742835
S,Shawn Williams,1.23640693615,-7.92204319008
S,Mark LeGree,-4.79352991431,-4.97183807361
S,Johnny Thomas,3.03737193168,-2.60021299438
S,Duke Ihenacho,1.94336385672,-2.78629907815
S,Jerron McMillian,0.0920398839191,0.00719954404491
S,Da'Norris Searcy,0.569606766366,-10.1440215613
S,Eddie Pleasant,-3.80146838027,-5.74899527097
S,Zeke Motta,4.34885100882,6.70705057793
S,Keelan Johnson,3.91619012451,5.65893183064
S,Jerrard Tarrant,-5.27832471561,2.0971826184
S,Justin Bethel,11.6335918846,-0.126862502504
S,Antonio Allen,-2.59722106047,-0.488699514339
S,Joe Lefeged,2.11332116951,-0.690299113973
S,Eric Hagg,0.520972931443,-1.00048714482
QB,Ricky Stanzi,-2.53378680106,-0.0978926808959
QB,Colby Cameron,-1.4084875517,-0.830317697479
QB,Cam Newton,13.1778552661,-2.62934144624
QB,Mike Glennon,-12.1223686153,0.316359535747
QB,Jacory Harris,1.87720668416,0.154521418847
QB,Darron Thomas,10.4600300077,12.0055507999
QB,Collin Klein,-2.88277335673,-0.912892924237
QB,Chandler Harnish,-0.675221571311,-0.471412583469
QB,Patrick Witt,-11.2247675369,1.40086460182
QB,Matt Scott,4.33078300345,-1.86010178654
QB,Aaron Corp,-6.5912245126,0.468252297335
QB,Tyrod Taylor,14.0912299484,-2.18001910553
QB,James Vandenberg,2.8304727689,-1.3062755827
QB,Christian Ponder,3.56898727315,-0.94612322164
QB,Jordan Jefferson,6.03000523809,13.0251067949
QB,Tyler Wilson,-2.14328076619,-1.18887451746
QB,Kirk Cousins,-4.91411876483,-0.63126629604
QB,Landry Jones,1.53933129479,-1.29829440065
QB,Colin Kaepernick,2.0997070321,-1.03007421134
QB,Austin Davis,-3.9932003065,-0.182744383922
QB,Russell Wilson,5.41803024778,-1.31798411601
QB,Ryan Lindley,-5.48246468204,-0.261235326204
QB,Andrew Luck,11.692146568,-2.07759188711
QB,Josh Portis,14.9965269662,-1.72938706424
QB,Ryan Nassib,-8.62126974385,0.116334674471
QB,Jeff Van Camp,0.62493884314,-1.11358916489
QB,Brad Sorensen,-1.96308793286,-1.09948955958
QB,Blaine Gabbert,7.08425322168,-1.7820126053
QB,Jake Locker,3.01061845718,-0.580346491995
QB,Taylor Yates,-9.17140532174,0.480715827335
QB,Andy Dalton,-7.31973107752,0.10744088565
QB,Greg McElroy,-5.12830913822,0.552386976419
QB,E.J. Manuel,5.41284404,-1.31736129687
QB,Nathan Enderle,-12.4823142613,0.133752740599
QB,Pat Devlin,3.19613066051,-1.12488457711
QB,Scott Tolzien,1.92859431356,-1.75657732141
QB,Kellen Moore,-14.7118798942,0.96480369582
WR,Martavis Bryant,4.07124130045,-0.556418741942
WR,Dwayne Harris,-10.0948240323,1.40021997598
WR,Cody Hoffman,-13.2108128073,6.33584578498
WR,Stephen Hill,10.7552160542,-7.59287997461
WR,Josh Boyce,11.4495276421,0.88067660633
WR,Kevin Norwood,-3.97733176225,-5.44269627717
WR,Owen Spencer,-0.326549207386,-9.81138862155
WR,Jimmy Young,-1.12887294777,6.44928971084
WR,DeAndre Brown,-2.09641597611,7.25152757273
WR,Markus Wheaton,3.19026941537,4.64200687801
WR,Odell Beckham,-1.68135073824,-7.51202265697
WR,Brandon Kaufman,-7.79683131211,-1.49179556896
WR,Albert Wilson,0.298924104025,-5.39787254016
WR,A.J. Green,5.71501353603,0.10799167188
WR,Mohamed Sanu,6.81421690115,0.755109434666
WR,Mark Harrison,8.95576550644,-2.83042619585
WR,Stephen Burton,-0.558566620611,5.70970005245
WR,Aaron Mellette,-1.74536458141,-5.72579950935
WR,T.J. Moe,6.02170441971,9.80272813486
WR,Marcus Lucas,5.07862482099,3.18179538341
WR,Jermaine Kearse,-1.90691875955,0.522308923554
WR,Lestar Jean,-5.13069821737,3.24970601919
WR,Allen Hurns,-2.28431132315,0.375182815394
WR,Sammy Watkins,3.70048250338,-0.977049609263
WR,Damian Copeland,0.0454641849523,-2.45151920759
WR,Dri Archer,5.08039346201,3.45522993841
WR,Ace Sanders,-7.91585203495,-4.03644070923
WR,Davante Adams,3.19137493256,-2.29914830085
WR,Tori Gurley,-2.31781369424,1.95366153061
WR,Austin Franklin,-1.87214194538,-7.7226045715
WR,Alec Lemon,-11.6987983815,-1.38932454067
WR,Denarius Moore,-2.44212303575,-0.0437452324419
WR,Brandin Cooks,0.676600814189,1.41560506544
WR,Ryan Grant,-6.06071350562,-3.64399569805
WR,Jerrell Jackson,11.0603739154,2.10307784871
WR,Juron Criner,-0.310726799384,3.58524539079
WR,Armon Binns,-4.13954054956,0.53109112199
WR,Bruce Ellington,1.46006279005,0.128679112155
WR,Walter Powell,-4.23033479581,-3.04335088322
WR,Stedman Bailey,-4.83360627688,-0.999695888632
WR,Terrance Williams,-4.0769468064,-1.80323378983
WR,Jarrett Boykin,0.265992836295,-4.36707855233
WR,Marquess Wilson,-3.19044529412,-7.00254781196
WR,Jarius Wright,-1.24548894618,-3.03460480459
WR,Kenbrell Thompkins,-3.79028406641,-5.50552219435
WR,Rueben Randle,-0.99110564083,0.684931755512
WR,Vincent Brown,-1.65097108153,-2.15092372127
WR,Matt Hazel,-2.69973966697,2.628827214
WR,Josh Stewart,-5.40555079126,-0.534711986798
WR,Ryan Whalen,4.95526425087,1.18448475114
WR,Robert Woods,-3.61021132958,1.64316499921
WR,Keshawn Martin,1.90173204017,-2.60798324098
WR,Tyrone Goard,-0.266776053708,-5.20709887054
WR,Kelvin Benjamin,-4.52333090761,0.933243871068
WR,Junior Hemingway,6.18636696429,3.55542503626
WR,Cecil Shorts,-1.75345644598,8.97506234811
WR,Chris Givens,-0.17732928102,5.30831105939
WR,Jared Abbrederis,-10.8397494547,-5.8303560633
WR,Willie Snead,-8.99648054739,1.77378290864
WR,Jeff Janis,5.64910396079,2.99017463358
WR,Jon Baldwin,11.8779335238,-0.761479496477
WR,Robert Herron,4.57949137946,1.03815135495
WR,Greg Salas,0.517147915571,0.447613912859
WR,Leonard Hankerson,-2.66492595853,1.32422342546
WR,Jerrel Jernigan,-3.70512788392,-1.38367778046
WR,Tavarres King,0.456668500237,-4.4319892437
WR,Randall Cobb,-4.05218707729,4.37960622014
WR,Chris Harper,-0.402940934191,6.9492035903
WR,Brian Quick,-1.37315955704,1.36064465769
WR,DaRick Rogers,7.86146540293,-10.4164091527
WR,Greg Little,15.0576290261,5.30179523621
WR,Kashif Moore,9.64328785605,-0.203568527399
WR,Shaquelle Evans,0.0150850615286,-1.96846909461
WR,Jordan Matthews,3.15794677014,5.67205900997
WR,Torrey Smith,8.70125548688,0.11554930096
WR,Ryan Swope,4.8332710977,-1.36072796846
WR,Quinton Patton,-6.24703108364,-3.85278647992
WR,Danny Coale,-5.6218816747,0.832864848251
WR,Chris Owusu,10.7815848243,-1.40804951418
WR,Jock Sanders,2.46920363125,3.59313415045
WR,Andre Holmes,5.18696687849,-7.94515895354
WR,Michael Campanaro,5.45676761946,3.32781451909
WR,Ryan Spadola,-1.55817065379,1.42457480121
WR,T.J. Graham,-4.54441860641,-4.97672979058
WR,Austin Pettis,-1.33603828728,0.0576283112626
WR,Lanear Sampson,1.11145912683,5.61752959926
WR,Jordan White,-1.52961842056,0.394240692602
WR,L'Damian Washington,-9.65194284105,-1.60928254213
WR,DeVier Posey,2.06104074322,-1.91466247321
WR,Marshall Williams,-0.987073272522,-5.98086355921
WR,Isaiah Burse,-5.74746799642,5.2300924389
WR,Marvin Jones,-3.29875108359,11.0644612762
WR,Donte Moncrief,9.46315861914,-7.90094724782
WR,Niles Paul,2.11674264322,9.90401011905
WR,Eric Page,-8.17272151253,5.5777525742
RB,Lennon Creer,-7.62329890728,-2.85814216604
RB,Jordan Todman,9.36052790754,-1.30610226634
RB,Antonio Andrews,-14.5891511589,-4.0584279121
RB,Brandon Saine,-4.30257894636,-2.79503006618
RB,Alfred Morris,-2.33114214149,4.21242526306
RB,Mark Ingram,-5.60845678875,-2.03606975924
RB,George Atkinson,9.22629508292,5.00528997383
RB,Charles Sims,5.75740725025,5.91956186192
RB,C.J. Anderson,-1.37764457336,3.67892194305
RB,Jerick McKinnon,17.7494642112,-5.88072921896
RB,Zac Stacy,4.80806926173,-4.77823932698
RB,Evan Royster,-5.10602389469,-0.932246152342
RB,Bishop Sankey,7.97706079186,-2.72646408971
RB,LaDarius Perkins,5.23703655928,-0.518131669564
RB,Knile Davis,5.35429307209,-8.84949146696
RB,Mike Gillislee,-2.50674712002,5.47768492982
RB,Dan Herron,-0.580669298703,-1.4989056917
RB,Doug Martin,4.32835271309,-6.16888134307
RB,James Wilder,1.69899887912,3.55209917501
RB,Damien Williams,1.22561102108,5.47722964098
RB,Montel Harris,-5.91424507625,-0.0798782636655
RB,Ryan Williams,5.43414571045,3.55063397801
RB,Lorenzo Taliaferro,-3.39932176356,1.84586048701
RB,Kerwynn Williams,-1.28563817971,3.55064150502
RB,Mikel Leshoure,4.52768552421,1.21516958291
RB,Rex Burkhead,7.52392820556,2.22681826055
RB,Mike Ball,-5.02279602339,-2.0697915838
RB,Montee Ball,-2.90517318185,5.25518943112
RB,Brandon Bolden,1.85747101206,0.267316348456
RB,Alfred Blue,-0.876394167573,8.09723696683
RB,Bernard Pierce,3.65257277096,5.22449399397
RB,KaDeem Carey,-5.02762055092,0.236311140038
RB,Christine Michael,10.7470087369,-3.2031332162
RB,Damien Berry,1.91542092399,-1.59142056164
RB,Stefphon Jefferson,-4.12294520518,4.87668710287
RB,Johnathan Franklin,-4.77912531798,1.4355299343
RB,Roy Helu,-1.81137400311,9.63939597204
RB,D.J. Harper,1.91353252611,-1.59163934331
RB,Jamie Harper,3.21155740228,-2.35005006094
RB,Tauren Poole,0.615693712581,-3.13813917184
RB,Stevan Ridley,-0.639316221603,2.66587587096
RB,Dion Lewis,-6.78566519937,1.62238627863
RB,Robbie Rouse,-5.81080569685,4.1170255856
RB,Derrick Locke,-0.784501381351,4.65332835406
RB,Ray Graham,-7.12581725041,0.551515065919
RB,Darren Evans,-4.64714841793,-7.18248126515
RB,Matt Asiata,-13.7856979981,-5.92075924093
RB,Shaun Draughn,-0.341075769288,-0.298285423494
RB,Jerome Smith,-3.70454037939,5.82231457804
RB,Michael Ford,13.0838547862,-0.0114645752545
RB,Da'Rel Scott,-1.8644630121,1.27837134639
RB,DeMarco Murray,10.5004110364,3.5254451073
RB,Allen Bradford,-4.19111414189,-8.81970068087
RB,Le'Veon Bell,-0.198014625221,-3.29635963357
RB,Henry Josey,-2.27106924615,0.04692027768
RB,Chris Rainey,0.673820022564,5.22170897201
RB,Edwin Baker,-6.5589387063,-1.50168643028
RB,LaMichael James,2.52902223109,7.02329934843
RB,Stepfan Taylor,-10.0424815463,0.708804006781
RB,Shane Vereen,0.17978542948,-10.7141631725
RB,Mario Fannin,-1.86081937387,-1.02819612982
RB,Delone Carter,4.33543098269,-5.15891802462
RB,Kendall Hunter,4.50623059838,-1.81300674005
RB,Davin Meggett,0.624502924992,-2.12953808249
RB,Giovani Bernard,2.42144490881,2.82699572744
RB,Robert Turbin,6.10360347445,-5.53602051834
RB,James White,-4.8030815885,-3.89781608931
RB,Vai Taua,-5.83067596787,-1.21745839491
RB,Kenjon Barner,3.3935690654,2.00545899923
RB,Alex Green,-4.21273665019,-0.616960897179
RB,Anthony Allen,4.85146634695,-2.03718801532
RB,Vick Ballard,-2.69696561094,-3.20303036456
TE,Philip Lutzenkirchen,-3.56750693112,0.627920423278
TE,Cameron Graham,-10.267831283,-1.13837981142
TE,Lee Smith,-7.00384869498,5.3606460635
TE,Dwayne Allen,-3.66608595993,6.75871097454
TE,Dion Sims,-1.6510917882,1.28220086222
TE,Arthur Lynch,0.0760980241962,7.05335502001
TE,Jake Murphy,-1.13535568249,3.2187869358
TE,James Hanna,8.16307099629,1.43560100119
TE,Zach Pianalto,-6.4096870252,2.19511134162
TE,Michael Egnew,15.721734774,-3.07524578914
TE,Tyler Eifert,4.87479956874,0.0293945239961
TE,Levine Toilolo,-3.22468018275,-3.51195705678
TE,Jordan Najvar,-4.2682962061,-2.29021958867
TE,Chris Gragg,10.3102517852,-5.08837012226
TE,Zach Ertz,-3.90235773262,3.74654614943
TE,Rob Housler,3.64974575106,0.267769014207
TE,Julius Thomas,-3.48265918734,-4.47268695139
TE,Ladarius Green,7.87832814696,-6.66108741182
TE,Mychal Rivera,-4.12713920512,-3.33759526245
TE,Allen Reisner,-9.4637491423,-5.37120111776
TE,Troy Niklas,-0.963601256981,6.23690278451
TE,Richard Rodgers,-1.41540161995,-4.87724210483
TE,Cory Harkey,-9.33024279282,-6.41797404077
TE,Matt Furstenburg,0.506037808324,-3.20389108495
TE,Lance Kendricks,7.76777414574,2.52745496444
TE,Chris Pantale,-4.98235635278,-3.17051289125
TE,Luke Stocker,1.23988472988,5.81613822109
TE,Virgil Green,17.6929264591,-1.40921386655
TE,Schuylar Oordt,4.3164492982,-3.93518786108
TE,David Paulson,-4.79604195146,0.86588750055
TE,Marcel Jensen,0.529550694104,2.89881281657
TE,D.J. Williams,-3.50319450339,-0.400068660603
TE,MarQueis Gray,-5.78993507952,-5.05503726129
TE,Jake Stoneburner,1.02496408098,-3.30461687729
TE,Charlie Gantt,-2.43611175208,6.51978644987
TE,Vance McDonald,5.79715782447,9.01243263068
TE,Jordan Cameron,5.83840024303,0.867030082803
